/calendar.birthday/1.23/Thu Oct 13 07:44:27 2011//Tnetbsd-6-1-5-RELEASE
/calendar.christian/1.3.20.1/Mon May  7 16:52:03 2012//Tnetbsd-6-1-5-RELEASE
/calendar.computer/1.6/Sun Jan 24 22:56:12 2010//Tnetbsd-6-1-5-RELEASE
/calendar.history/1.28/Mon Jun  6 03:15:14 2011//Tnetbsd-6-1-5-RELEASE
/calendar.holiday/1.19.8.1/Mon May  7 16:52:04 2012//Tnetbsd-6-1-5-RELEASE
/calendar.judaic/1.3.20.1/Mon May  7 16:52:04 2012//Tnetbsd-6-1-5-RELEASE
/calendar.lotr/1.2/Mon Nov 20 16:52:56 2006//Tnetbsd-6-1-5-RELEASE
/calendar.music/1.16/Sun Jun  7 10:25:39 2009//Tnetbsd-6-1-5-RELEASE
/calendar.netbsd/1.20.8.2/Sat Oct 20 23:13:44 2012//Tnetbsd-6-1-5-RELEASE
/calendar.usholiday/1.3.20.1/Mon May  7 16:52:03 2012//Tnetbsd-6-1-5-RELEASE
D
